Loan_ID,loan_status,Principal,terms,effective_date,due_date,paid_off_time,past_due_days,age,education,Gender
xqd20166231,PAIDOFF,1000,30,2016-09-08,2016-10-07,2016-09-14 19:31:00,0.0,45,High School Or Below,Male
xqd20168902,PAIDOFF,1000,30,2016-09-08,2016-10-07,2016-10-07 09:00:00,0.0,50,Bechalor,Female
xqd20160003,PAIDOFF,1000,30,2016-09-08,2016-10-07,2016-09-25 16:58:00,0.0,33,Bechalor,Female
xqd20160004,PAIDOFF,1000,15,2016-09-08,2016-09-22,2016-09-22 20:00:00,0.0,27,College,Male
xqd20160005,PAIDOFF,1000,30,2016-09-09,2016-10-08,2016-09-23 21:36:00,0.0,28,College,Female
xqd20160706,PAIDOFF,300,7,2016-09-09,2016-09-15,2016-09-09 13:45:00,0.0,35,Master Or Above,Male
xqd20160007,PAIDOFF,1000,30,2016-09-09,2016-10-08,2016-10-07 23:07:00,0.0,29,College,Male
xqd20160008,PAIDOFF,1000,30,2016-09-09,2016-10-08,2016-10-05 20:33:00,0.0,36,College,Male
xqd20160909,PAIDOFF,1000,30,2016-09-09,2016-10-08,2016-10-08 16:00:00,0.0,28,College,Male
xqd20160010,PAIDOFF,800,15,2016-09-10,2016-09-24,2016-09-24 13:00:00,0.0,26,College,Male
xqd20160011,PAIDOFF,300,7,2016-09-10,2016-09-16,2016-09-11 19:11:00,0.0,29,College,Male
xqd20160012,PAIDOFF,1000,15,2016-09-10,2016-10-09,2016-10-09 16:00:00,0.0,39,High School Or Below,Male
xqd20160013,PAIDOFF,1000,30,2016-09-10,2016-10-09,2016-10-07 23:32:00,0.0,26,College,Male
xqd20160014,PAIDOFF,900,7,2016-09-10,2016-09-16,2016-09-13 21:57:00,0.0,26,College,Female
xqd20160015,PAIDOFF,1000,7,2016-09-10,2016-09-16,2016-09-15 14:27:00,0.0,27,High School Or Below,Male
xqd20160016,PAIDOFF,800,15,2016-09-10,2016-09-24,2016-09-24 16:00:00,0.0,26,College,Male
xqd20160017,PAIDOFF,1000,30,2016-09-10,2016-10-09,2016-09-27 14:21:00,0.0,40,High School Or Below,Male
xqd20160018,PAIDOFF,1000,15,2016-09-10,2016-09-24,2016-09-23 18:49:00,0.0,32,High School Or Below,Male
xqd20160019,PAIDOFF,1000,30,2016-09-10,2016-10-09,2016-10-05 22:05:00,0.0,32,High School Or Below,Male
xqd20160020,PAIDOFF,800,30,2016-09-10,2016-10-09,2016-09-23 07:42:00,0.0,26,College,Male
xqd20160021,PAIDOFF,1000,30,2016-09-10,2016-10-09,2016-10-09 09:00:00,0.0,26,College,Male
xqd20160022,PAIDOFF,1000,30,2016-09-10,2016-10-09,2016-10-08 17:09:00,0.0,43,High School Or Below,Female
xqd20160023,PAIDOFF,1000,30,2016-09-10,2016-10-09,2016-10-09 23:00:00,0.0,25,High School Or Below,Male
xqd20160024,PAIDOFF,1000,15,2016-09-10,2016-09-24,2016-09-24 13:00:00,0.0,26,College,Male
xqd20160025,PAIDOFF,1000,30,2016-09-10,2016-10-09,2016-10-03 12:50:00,0.0,26,College,Male
xqd20160026,PAIDOFF,1000,30,2016-09-10,2016-10-09,2016-09-29 12:18:00,0.0,29,High School Or Below,Male
xqd20160027,PAIDOFF,800,15,2016-09-10,2016-09-24,2016-09-21 20:16:00,0.0,39,Bechalor,Male
xqd20170088,PAIDOFF,1000,15,2016-09-10,2016-09-24,2016-09-23 08:21:00,0.0,34,Bechalor,Male
xqd20160029,PAIDOFF,1000,30,2016-09-11,2016-10-10,2016-09-22 19:17:00,0.0,31,College,Male
xqd20160030,PAIDOFF,1000,30,2016-09-11,2016-10-10,2016-10-09 17:33:00,0.0,33,College,Male
xqd88160031,PAIDOFF,800,15,2016-09-11,2016-09-25,2016-09-24 14:41:00,0.0,33,High School Or Below,Male
xqd20160032,PAIDOFF,1000,30,2016-09-11,2016-10-10,2016-10-07 21:48:00,0.0,37,College,Male
xqd20160033,PAIDOFF,1000,30,2016-09-11,2016-10-10,2016-10-09 17:44:00,0.0,27,College,Male
xqd22169034,PAIDOFF,1000,30,2016-09-11,2016-10-10,2016-10-09 07:24:00,0.0,37,College,Male
xqd20160035,PAIDOFF,800,15,2016-09-11,2016-09-25,2016-09-25 21:49:00,0.0,33,College,Male
xqd20160036,PAIDOFF,800,15,2016-09-11,2016-09-25,2016-09-25 09:00:00,0.0,29,Bechalor,Male
xqd20160037,PAIDOFF,1000,30,2016-09-11,2016-10-10,2016-10-10 16:00:00,0.0,27,High School Or Below,Male
xqd20160038,PAIDOFF,700,15,2016-09-11,2016-09-25,2016-09-25 13:00:00,0.0,33,High School Or Below,Male
xqd20160039,PAIDOFF,1000,15,2016-09-11,2016-09-25,2016-09-25 09:00:00,0.0,24,College,Male
xqd20160040,PAIDOFF,1000,30,2016-09-11,2016-10-10,2016-10-10 11:33:00,0.0,21,Bechalor,Male
xqd20160041,PAIDOFF,1000,15,2016-09-11,2016-09-25,2016-09-25 09:00:00,0.0,32,College,Female
xqd20160042,PAIDOFF,800,15,2016-09-11,2016-09-25,2016-09-25 14:36:00,0.0,30,College,Male
xqd20160043,PAIDOFF,1000,7,2016-09-11,2016-09-24,2016-09-24 09:00:00,0.0,31,Bechalor,Male
xqd20160044,PAIDOFF,1000,15,2016-09-11,2016-09-25,2016-09-20 15:00:00,0.0,30,College,Male
xqd20160045,PAIDOFF,1000,15,2016-09-11,2016-09-25,2016-09-21 22:29:00,0.0,24,Bechalor,Female
xqd20160046,PAIDOFF,800,7,2016-09-11,2016-09-17,2016-09-12 22:17:00,0.0,35,High School Or Below,Male
xqd20160047,PAIDOFF,1000,30,2016-09-11,2016-10-10,2016-10-08 14:14:00,0.0,22,High School Or Below,Male
xqd20160048,PAIDOFF,1000,30,2016-09-11,2016-10-10,2016-10-09 08:53:00,0.0,32,College,Male
xqd20160049,PAIDOFF,1000,30,2016-09-11,2016-10-10,2016-10-10 09:00:00,0.0,32,Bechalor,Male
xqd20160050,PAIDOFF,800,15,2016-09-11,2016-09-25,2016-09-25 19:21:00,0.0,50,High School Or Below,Male
xqd20160051,PAIDOFF,800,15,2016-09-11,2016-09-25,2016-09-25 13:00:00,0.0,27,College,Female
xqd20160052,PAIDOFF,1000,30,2016-09-11,2016-10-10,2016-10-10 09:00:00,0.0,35,Bechalor,Female
xqd20160053,PAIDOFF,800,15,2016-09-11,2016-09-25,2016-09-13 04:34:00,0.0,35,Bechalor,Female
xqd20160054,PAIDOFF,1000,30,2016-09-11,2016-10-10,2016-10-10 09:00:00,0.0,34,High School Or Below,Male
xqd20160055,PAIDOFF,1000,30,2016-09-11,2016-10-10,2016-10-10 16:00:00,0.0,21,High School Or Below,Male
xqd20160056,PAIDOFF,1000,15,2016-09-11,2016-09-25,2016-09-25 16:00:00,0.0,25,College,Male
xqd20160057,PAIDOFF,1000,30,2016-09-11,2016-10-10,2016-10-10 09:00:00,0.0,27,High School Or Below,Male
xqd20160058,PAIDOFF,1000,30,2016-09-11,2016-10-10,2016-10-07 02:33:00,0.0,26,Bechalor,Male
xqd20160059,PAIDOFF,800,15,2016-09-11,2016-09-25,2016-09-24 11:40:00,0.0,44,High School Or Below,Female
xqd20160060,PAIDOFF,800,15,2016-09-11,2016-09-25,2016-09-22 06:38:00,0.0,39,Master Or Above,Male
xqd20160061,PAIDOFF,1000,30,2016-09-11,2016-10-10,2016-09-30 21:12:00,0.0,34,Bechalor,Male
xqd20160062,PAIDOFF,1000,15,2016-09-11,2016-09-25,2016-09-24 13:42:00,0.0,37,College,Male
xqd20160063,PAIDOFF,1000,30,2016-09-11,2016-10-10,2016-10-08 07:25:00,0.0,34,High School Or Below,Male
xqd20160064,PAIDOFF,1000,30,2016-09-11,2016-10-10,2016-09-12 11:40:00,0.0,45,College,Male
xqd20160065,PAIDOFF,800,15,2016-09-11,2016-09-25,2016-09-25 14:38:00,0.0,24,High School Or Below,Male
xqd20160066,PAIDOFF,900,15,2016-09-11,2016-09-25,2016-09-25 23:00:00,0.0,28,College,Male
xqd20160067,PAIDOFF,1000,30,2016-09-11,2016-10-10,2016-10-08 12:04:00,0.0,28,Bechalor,Male
xqd20160068,PAIDOFF,1000,30,2016-09-11,2016-10-10,2016-10-10 09:00:00,0.0,37,High School Or Below,Male
xqd20160069,PAIDOFF,300,7,2016-09-11,2016-09-17,2016-09-14 22:05:00,0.0,35,College,Male
xqd20160070,PAIDOFF,1000,30,2016-09-11,2016-10-10,2016-09-24 13:27:00,0.0,43,Bechalor,Male
xqd20160071,PAIDOFF,800,15,2016-09-11,2016-09-25,2016-09-22 21:18:00,0.0,29,College,Male
xqd20160072,PAIDOFF,800,15,2016-09-11,2016-09-25,2016-09-24 22:53:00,0.0,29,High School Or Below,Male
xqd20160073,PAIDOFF,1000,30,2016-09-11,2016-10-10,2016-10-10 16:00:00,0.0,33,Bechalor,Female
xqd20160074,PAIDOFF,1000,15,2016-09-11,2016-09-25,2016-09-25 09:00:00,0.0,34,College,Male
xqd20160075,PAIDOFF,1000,15,2016-09-11,2016-09-25,2016-09-25 09:00:00,0.0,25,College,Male
xqd20160076,PAIDOFF,1000,30,2016-09-11,2016-10-10,2016-10-08 13:12:00,0.0,30,High School Or Below,Male
xqd20160077,PAIDOFF,1000,30,2016-09-11,2016-10-10,2016-10-09 13:49:00,0.0,31,Bechalor,Male
xqd20160078,PAIDOFF,1000,30,2016-09-11,2016-10-10,2016-10-10 09:00:00,0.0,35,College,Male
xqd20160079,PAIDOFF,1000,30,2016-09-11,2016-10-10,2016-09-30 14:29:00,0.0,37,College,Female
xqd20160080,PAIDOFF,1000,30,2016-09-11,2016-10-10,2016-10-10 09:00:00,0.0,44,High School Or Below,Female
xqd20160081,PAIDOFF,1000,30,2016-09-11,2016-10-10,2016-09-21 16:18:00,0.0,28,High School Or Below,Male
xqd20160082,PAIDOFF,1000,7,2016-09-11,2016-09-17,2016-09-13 14:53:00,0.0,25,College,Male
xqd20160083,PAIDOFF,1000,15,2016-09-11,2016-09-25,2016-09-25 09:00:00,0.0,29,College,Male
xqd20160084,PAIDOFF,800,15,2016-09-11,2016-09-25,2016-09-25 13:00:00,0.0,33,College,Male
xqd20160085,PAIDOFF,1000,30,2016-09-11,2016-10-10,2016-10-10 13:00:00,0.0,37,High School Or Below,Female
xqd20160086,PAIDOFF,1000,30,2016-09-11,2016-11-09,2016-11-09 09:00:00,0.0,33,College,Male
xqd20160087,PAIDOFF,1000,30,2016-09-11,2016-10-10,2016-10-10 09:00:00,0.0,24,High School Or Below,Female
xqd20160088,PAIDOFF,1000,30,2016-09-11,2016-10-10,2016-09-17 13:01:00,0.0,27,College,Female
xqd20160089,PAIDOFF,800,15,2016-09-11,2016-09-25,2016-09-21 09:35:00,0.0,43,Bechalor,Male
xqd90160090,PAIDOFF,800,15,2016-09-11,2016-09-25,2016-09-24 20:33:00,0.0,46,High School Or Below,Female
xqd91160291,PAIDOFF,800,15,2016-09-11,2016-09-25,2016-09-25 09:00:00,0.0,34,College,Female
xqd90160092,PAIDOFF,1000,7,2016-09-11,2016-09-17,2016-09-17 09:00:00,0.0,32,Bechalor,Female
xqd90163093,PAIDOFF,800,15,2016-09-11,2016-09-25,2016-09-24 00:12:00,0.0,38,High School Or Below,Male
xqd20160094,PAIDOFF,800,15,2016-09-11,2016-09-25,2016-09-21 12:43:00,0.0,27,High School Or Below,Male
xqd20167095,PAIDOFF,1000,30,2016-09-11,2016-10-10,2016-10-10 13:00:00,0.0,33,High School Or Below,Male
xqd20160096,PAIDOFF,1000,30,2016-09-11,2016-10-10,2016-10-08 20:49:00,0.0,36,College,Male
xqd20160097,PAIDOFF,1000,15,2016-09-11,2016-09-25,2016-09-20 05:38:00,0.0,26,High School Or Below,Male
xqd20160098,PAIDOFF,1000,30,2016-09-11,2016-10-10,2016-10-10 09:01:00,0.0,34,College,Male
xqd20160099,PAIDOFF,1000,30,2016-09-11,2016-10-10,2016-10-10 09:01:00,0.0,22,High School Or Below,Male
xqd20160100,PAIDOFF,1000,30,2016-09-11,2016-10-10,2016-10-08 16:55:00,0.0,31,Bechalor,Female
xqd20160101,PAIDOFF,1000,7,2016-09-11,2016-09-17,2016-09-17 09:00:00,0.0,29,High School Or Below,Male
xqd20160102,PAIDOFF,800,15,2016-09-11,2016-09-25,2016-09-25 09:00:00,0.0,38,College,Male
xqd20160103,PAIDOFF,1000,30,2016-09-11,2016-10-10,2016-10-10 16:00:00,0.0,30,College,Male
xqd20160104,PAIDOFF,1000,15,2016-09-11,2016-09-25,2016-09-25 23:48:00,0.0,45,High School Or Below,Male
xqd20160105,PAIDOFF,1000,15,2016-09-11,2016-09-25,2016-09-22 13:15:00,0.0,35,College,Male
xqd20160106,PAIDOFF,1000,30,2016-09-11,2016-10-10,2016-09-23 13:31:00,0.0,30,College,Male
xqd20160107,PAIDOFF,1000,30,2016-09-11,2016-10-10,2016-10-08 17:19:00,0.0,31,High School Or Below,Male
xqd20160108,PAIDOFF,1000,30,2016-09-11,2016-10-10,2016-10-10 09:01:00,0.0,31,High School Or Below,Male
xqd20160109,PAIDOFF,1000,30,2016-09-11,2016-10-10,2016-10-09 13:05:00,0.0,28,College,Male
xqd20160110,PAIDOFF,1000,7,2016-09-11,2016-09-24,2016-09-24 13:00:00,0.0,29,College,Male
xqd20160111,PAIDOFF,800,15,2016-09-11,2016-09-25,2016-09-20 20:47:00,0.0,29,College,Male
xqd20160112,PAIDOFF,1000,30,2016-09-11,2016-11-09,2016-11-09 09:00:00,0.0,27,College,Female
xqd20160113,PAIDOFF,1000,30,2016-09-11,2016-10-10,2016-10-10 09:01:00,0.0,27,College,Male
xqd20160114,PAIDOFF,1000,30,2016-09-11,2016-10-10,2016-10-10 13:01:00,0.0,33,College,Male
xqd20160115,PAIDOFF,1000,30,2016-09-11,2016-10-10,2016-10-08 21:39:00,0.0,28,College,Male
xqd20160116,PAIDOFF,1000,15,2016-09-11,2016-09-25,2016-09-25 23:00:00,0.0,25,High School Or Below,Male
xqd20160117,PAIDOFF,1000,30,2016-09-11,2016-10-10,2016-10-07 14:23:00,0.0,40,College,Male
xqd20160118,PAIDOFF,1000,30,2016-09-11,2016-10-10,2016-10-06 15:25:00,0.0,23,High School Or Below,Male
xqd20160119,PAIDOFF,1000,30,2016-09-11,2016-10-10,2016-10-08 06:56:00,0.0,35,Bechalor,Male
xqd20160120,PAIDOFF,800,15,2016-09-11,2016-09-25,2016-09-16 11:58:00,0.0,24,College,Male
xqd20160121,PAIDOFF,1000,30,2016-09-11,2016-10-10,2016-10-10 16:01:00,0.0,34,College,Male
xqd20160122,PAIDOFF,1000,30,2016-09-11,2016-10-10,2016-09-27 07:02:00,0.0,22,High School Or Below,Male
xqd20160123,PAIDOFF,1000,15,2016-09-11,2016-10-25,2016-10-25 09:00:00,0.0,20,College,Male
xqd20160124,PAIDOFF,1000,15,2016-09-11,2016-09-25,2016-09-24 11:02:00,0.0,23,College,Male
xqd20160125,PAIDOFF,1000,30,2016-09-11,2016-10-10,2016-09-29 18:57:00,0.0,33,College,Male
xqd20160126,PAIDOFF,1000,30,2016-09-11,2016-10-10,2016-10-10 13:01:00,0.0,26,College,Male
xqd20160127,PAIDOFF,1000,15,2016-09-11,2016-09-25,2016-09-25 09:00:00,0.0,28,High School Or Below,Male
xqd20160128,PAIDOFF,800,15,2016-09-11,2016-09-25,2016-09-25 12:24:00,0.0,43,High School Or Below,Male
xqd78160129,PAIDOFF,1000,15,2016-09-11,2016-09-25,2016-09-25 13:00:00,0.0,34,Bechalor,Male
xqd20160130,PAIDOFF,1000,30,2016-09-11,2016-10-10,2016-09-26 04:41:00,0.0,38,Bechalor,Male
xqd20160131,PAIDOFF,1000,15,2016-09-11,2016-09-25,2016-09-22 15:44:00,0.0,26,High School Or Below,Male
xqd20160132,PAIDOFF,800,15,2016-09-11,2016-09-25,2016-09-25 16:00:00,0.0,43,High School Or Below,Male
xqd20160133,PAIDOFF,1000,30,2016-09-11,2016-10-10,2016-10-10 16:13:00,0.0,26,High School Or Below,Male
xqd20160134,PAIDOFF,1000,30,2016-09-11,2016-10-10,2016-09-30 07:12:00,0.0,33,College,Female
xqd20160135,PAIDOFF,800,15,2016-09-11,2016-09-25,2016-09-23 11:26:00,0.0,24,College,Male
xqd20160136,PAIDOFF,1000,30,2016-09-11,2016-10-10,2016-09-12 10:26:00,0.0,30,High School Or Below,Male
xqd20160137,PAIDOFF,800,15,2016-09-11,2016-09-25,2016-09-25 13:00:00,0.0,32,High School Or Below,Female
xqd20160138,PAIDOFF,1000,15,2016-09-11,2016-10-25,2016-10-25 09:00:00,0.0,22,College,Male
xqd20160139,PAIDOFF,1000,15,2016-09-11,2016-09-25,2016-09-22 21:45:00,0.0,47,High School Or Below,Male
xqd56160140,PAIDOFF,1000,30,2016-09-11,2016-10-10,2016-10-09 20:28:00,0.0,20,High School Or Below,Male
xqd20160141,PAIDOFF,1000,30,2016-09-11,2016-10-10,2016-10-01 16:48:00,0.0,28,High School Or Below,Male
xqd20160142,PAIDOFF,800,15,2016-09-11,2016-09-25,2016-09-25 09:01:00,0.0,35,College,Male
xqd20160143,PAIDOFF,1000,7,2016-09-11,2016-09-17,2016-09-15 20:36:00,0.0,27,High School Or Below,Male
xqd20160144,PAIDOFF,800,15,2016-09-11,2016-09-25,2016-09-21 15:33:00,0.0,33,College,Female
xqd20160145,PAIDOFF,1000,30,2016-09-11,2016-10-10,2016-09-29 13:36:00,0.0,30,High School Or Below,Male
xqd20160146,PAIDOFF,1000,15,2016-09-11,2016-09-25,2016-09-22 20:51:00,0.0,31,College,Male
xqd20160147,PAIDOFF,1000,30,2016-09-11,2016-11-09,2016-11-09 23:00:00,0.0,26,College,Female
xqd20160148,PAIDOFF,300,7,2016-09-12,2016-09-18,2016-09-18 09:00:00,0.0,37,Master Or Above,Male
xqd20160149,PAIDOFF,1000,15,2016-09-12,2016-09-26,2016-09-26 09:00:00,0.0,26,Bechalor,Male
xqd20160150,PAIDOFF,800,15,2016-09-12,2016-09-26,2016-09-24 10:14:00,0.0,35,Bechalor,Male
xqd20160151,PAIDOFF,1000,15,2016-09-12,2016-10-26,2016-10-26 09:00:00,0.0,29,College,Male
xqd34160152,PAIDOFF,800,15,2016-09-12,2016-09-26,2016-09-23 20:30:00,0.0,23,College,Male
xqd20160153,PAIDOFF,500,15,2016-09-12,2016-09-26,2016-09-13 20:17:00,0.0,23,College,Female
xqd20160154,PAIDOFF,1000,15,2016-09-12,2016-09-26,2016-09-26 09:00:00,0.0,30,College,Male
xqd20160155,PAIDOFF,1000,30,2016-09-12,2016-10-11,2016-10-10 07:01:00,0.0,34,College,Male
xqd20160156,PAIDOFF,1000,30,2016-09-12,2016-10-11,2016-10-11 13:00:00,0.0,36,High School Or Below,Female
xqd20160157,PAIDOFF,1000,15,2016-09-12,2016-09-26,2016-09-26 09:00:00,0.0,26,Bechalor,Male
xqd20160158,PAIDOFF,800,15,2016-09-12,2016-09-26,2016-09-24 14:55:00,0.0,29,High School Or Below,Male
xqd12160159,PAIDOFF,1000,15,2016-09-12,2016-09-26,2016-09-26 09:00:00,0.0,28,College,Female
xqd20160160,PAIDOFF,1000,30,2016-09-12,2016-10-11,2016-09-25 20:56:00,0.0,27,High School Or Below,Male
xqd20160161,PAIDOFF,1000,15,2016-09-12,2016-09-26,2016-09-22 10:49:00,0.0,24,High School Or Below,Male
xqd20160162,PAIDOFF,800,15,2016-09-12,2016-09-26,2016-09-25 22:09:00,0.0,31,Bechalor,Male
xqd20160163,PAIDOFF,1000,30,2016-09-12,2016-10-11,2016-10-11 09:00:00,0.0,28,High School Or Below,Male
xqd28160164,PAIDOFF,1000,15,2016-09-12,2016-09-26,2016-09-26 09:00:00,0.0,27,College,Female
xqd20160165,PAIDOFF,1000,15,2016-09-12,2016-09-26,2016-09-26 19:33:00,0.0,25,High School Or Below,Male
xqd20160166,PAIDOFF,1000,30,2016-09-12,2016-11-10,2016-11-10 16:00:00,0.0,24,High School Or Below,Male
xqd20160167,PAIDOFF,1000,30,2016-09-12,2016-10-11,2016-10-11 16:00:00,0.0,28,College,Male
xqd20160168,PAIDOFF,800,30,2016-09-12,2016-10-11,2016-10-11 16:00:00,0.0,28,College,Male
xqd20160169,PAIDOFF,1000,15,2016-09-12,2016-09-26,2016-09-26 13:00:00,0.0,35,High School Or Below,Male
xqd27160170,PAIDOFF,1000,30,2016-09-12,2016-10-11,2016-10-11 13:00:00,0.0,38,College,Male
xqd20160171,PAIDOFF,1000,15,2016-09-12,2016-09-26,2016-09-26 16:00:00,0.0,38,High School Or Below,Male
xqd20160172,PAIDOFF,1000,30,2016-09-12,2016-10-11,2016-10-11 16:00:00,0.0,29,College,Male
xqd20160173,PAIDOFF,800,15,2016-09-12,2016-09-26,2016-09-26 13:00:00,0.0,35,High School Or Below,Male
xqd20160174,PAIDOFF,1000,30,2016-09-12,2016-10-11,2016-09-17 07:39:00,0.0,24,College,Male
xqd20160175,PAIDOFF,800,15,2016-09-12,2016-09-26,2016-09-22 10:30:00,0.0,39,High School Or Below,Male
xqd20160176,PAIDOFF,800,15,2016-09-12,2016-09-26,2016-09-26 13:00:00,0.0,25,College,Male
xqd20160177,PAIDOFF,1000,30,2016-09-12,2016-10-11,2016-10-11 16:00:00,0.0,38,High School Or Below,Male
xqd20160178,PAIDOFF,1000,30,2016-09-12,2016-10-11,2016-10-10 20:41:00,0.0,30,College,Male
xqd20160179,PAIDOFF,1000,30,2016-09-12,2016-10-11,2016-10-11 09:00:00,0.0,21,High School Or Below,Male
xqd20160180,PAIDOFF,1000,30,2016-09-12,2016-10-11,2016-10-10 08:04:00,0.0,46,College,Male
xqd20160181,PAIDOFF,1000,15,2016-09-12,2016-09-26,2016-09-24 11:00:00,0.0,31,High School Or Below,Female
xqd20160182,PAIDOFF,300,7,2016-09-12,2016-09-18,2016-09-17 09:25:00,0.0,29,High School Or Below,Male
xqd20160183,PAIDOFF,1000,30,2016-09-12,2016-10-11,2016-10-07 11:53:00,0.0,35,High School Or Below,Male
xqd20160184,PAIDOFF,800,15,2016-09-12,2016-09-26,2016-09-25 08:39:00,0.0,30,High School Or Below,Male
xqd20160185,PAIDOFF,1000,30,2016-09-12,2016-10-11,2016-10-11 09:00:00,0.0,27,High School Or Below,Male
xqd20160186,PAIDOFF,1000,30,2016-09-12,2016-10-11,2016-10-10 20:28:00,0.0,31,High School Or Below,Female
xqd20160187,PAIDOFF,1000,30,2016-09-12,2016-10-11,2016-10-01 10:18:00,0.0,33,Bechalor,Male
xqd20160188,PAIDOFF,1000,15,2016-09-12,2016-09-26,2016-09-26 16:00:00,0.0,34,High School Or Below,Male
xqd20160189,PAIDOFF,800,15,2016-09-12,2016-09-26,2016-09-19 21:07:00,0.0,28,College,Male
xqd20160190,PAIDOFF,800,15,2016-09-12,2016-09-26,2016-09-26 09:00:00,0.0,42,College,Male
xqd20160191,PAIDOFF,1000,30,2016-09-12,2016-10-11,2016-09-30 14:38:00,0.0,32,College,Male
xqd20160192,PAIDOFF,1000,30,2016-09-12,2016-10-11,2016-10-11 13:00:00,0.0,30,High School Or Below,Male
xqd20160193,PAIDOFF,1000,15,2016-09-12,2016-09-26,2016-09-14 20:31:00,0.0,25,High School Or Below,Female
xqd20160194,PAIDOFF,1000,30,2016-09-12,2016-10-11,2016-10-11 09:00:00,0.0,27,High School Or Below,Female
xqd20160195,PAIDOFF,800,15,2016-09-12,2016-09-26,2016-09-24 16:15:00,0.0,21,College,Male
xqd20160196,PAIDOFF,1000,30,2016-09-12,2016-10-11,2016-10-10 15:49:00,0.0,24,College,Male
xqd20160197,PAIDOFF,1000,30,2016-09-12,2016-11-10,2016-11-10 13:00:00,0.0,29,College,Male
xqd20160198,PAIDOFF,1000,15,2016-09-12,2016-09-26,2016-09-23 10:32:00,0.0,40,College,Male
xqd20160199,PAIDOFF,1000,30,2016-09-12,2016-10-11,2016-09-30 14:03:00,0.0,29,High School Or Below,Male
xqd20160200,PAIDOFF,1000,30,2016-09-12,2016-10-11,2016-10-09 14:17:00,0.0,29,College,Male
xqd20160201,PAIDOFF,1000,15,2016-09-12,2016-09-26,2016-09-20 08:26:00,0.0,30,College,Male
xqd20160202,PAIDOFF,1000,30,2016-09-12,2016-10-11,2016-10-11 23:00:00,0.0,26,High School Or Below,Female
xqd20160203,PAIDOFF,1000,15,2016-09-12,2016-09-26,2016-09-24 20:47:00,0.0,36,High School Or Below,Male
xqd20160204,PAIDOFF,800,15,2016-09-12,2016-09-26,2016-09-26 16:00:00,0.0,27,College,Male
xqd20160205,PAIDOFF,1000,30,2016-09-12,2016-10-11,2016-10-11 09:01:00,0.0,20,College,Male
xqd20160206,PAIDOFF,1000,7,2016-09-12,2016-09-18,2016-09-16 14:52:00,0.0,26,Bechalor,Female
xqd20160207,PAIDOFF,1000,30,2016-09-12,2016-11-10,2016-11-10 13:00:00,0.0,26,College,Male
xqd20160208,PAIDOFF,1000,30,2016-09-12,2016-10-11,2016-10-09 10:00:00,0.0,27,College,Male
xqd20160209,PAIDOFF,300,7,2016-09-12,2016-09-18,2016-09-12 14:40:00,0.0,23,High School Or Below,Male
xqd20160210,PAIDOFF,1000,30,2016-09-12,2016-10-11,2016-10-11 16:00:00,0.0,39,High School Or Below,Male
xqd20160211,PAIDOFF,1000,15,2016-09-12,2016-09-26,2016-09-23 21:58:00,0.0,27,High School Or Below,Male
xqd20160212,PAIDOFF,1000,30,2016-09-12,2016-10-11,2016-10-08 18:48:00,0.0,30,High School Or Below,Male
xqd20160213,PAIDOFF,1000,30,2016-09-12,2016-10-11,2016-10-10 16:41:00,0.0,33,High School Or Below,Female
xqd20160214,PAIDOFF,1000,30,2016-09-12,2016-10-11,2016-10-11 13:01:00,0.0,27,High School Or Below,Male
xqd20160215,PAIDOFF,1000,30,2016-09-12,2016-10-11,2016-09-16 02:34:00,0.0,35,High School Or Below,Male
xqd20160216,PAIDOFF,1000,30,2016-09-12,2016-11-10,2016-11-10 16:00:00,0.0,29,College,Female
xqd20160217,PAIDOFF,1000,15,2016-09-12,2016-09-26,2016-09-21 08:11:00,0.0,50,High School Or Below,Male
xqd20160218,PAIDOFF,800,15,2016-09-12,2016-09-26,2016-09-26 09:00:00,0.0,31,High School Or Below,Female
xqd20160219,PAIDOFF,1000,15,2016-09-12,2016-09-26,2016-09-26 13:00:00,0.0,31,High School Or Below,Male
xqd20160220,PAIDOFF,1000,30,2016-09-12,2016-10-11,2016-10-11 13:01:00,0.0,29,High School Or Below,Male
xqd20160221,PAIDOFF,1000,15,2016-09-12,2016-09-26,2016-09-26 23:00:00,0.0,35,College,Male
xqd20160222,PAIDOFF,1000,30,2016-09-12,2016-10-11,2016-10-11 09:01:00,0.0,39,College,Male
xqd20160223,PAIDOFF,1000,30,2016-09-12,2016-11-10,2016-11-10 13:00:00,0.0,29,College,Male
xqd20160224,PAIDOFF,1000,15,2016-09-12,2016-09-26,2016-09-26 23:00:00,0.0,30,High School Or Below,Male
xqd20160225,PAIDOFF,1000,30,2016-09-12,2016-10-11,2016-10-09 10:00:00,0.0,33,Bechalor,Male
xqd20160226,PAIDOFF,1000,30,2016-09-12,2016-10-11,2016-10-11 13:01:00,0.0,26,High School Or Below,Male
xqd20160227,PAIDOFF,1000,15,2016-09-12,2016-09-26,2016-09-23 14:01:00,0.0,25,High School Or Below,Male
xqd20160228,PAIDOFF,800,15,2016-09-12,2016-09-26,2016-09-25 13:29:00,0.0,37,Bechalor,Male
xqd20160229,PAIDOFF,800,15,2016-09-12,2016-09-26,2016-09-25 14:50:00,0.0,26,High School Or Below,Male
xqd20160230,PAIDOFF,800,15,2016-09-12,2016-09-26,2016-09-26 09:00:00,0.0,26,College,Male
xqd20160231,PAIDOFF,1000,15,2016-09-12,2016-10-26,2016-10-26 09:00:00,0.0,27,College,Male
xqd20160232,PAIDOFF,1000,7,2016-09-12,2016-09-25,2016-09-25 09:01:00,0.0,34,College,Female
xqd20160233,PAIDOFF,1000,30,2016-09-12,2016-10-11,2016-10-08 15:35:00,0.0,37,College,Male
xqd20160234,PAIDOFF,1000,30,2016-09-12,2016-10-11,2016-10-11 16:01:00,0.0,36,High School Or Below,Male
xqd20160235,PAIDOFF,800,15,2016-09-12,2016-09-26,2016-09-26 19:35:00,0.0,33,High School Or Below,Male
xqd20160236,PAIDOFF,1000,30,2016-09-12,2016-10-11,2016-10-09 21:28:00,0.0,30,High School Or Below,Male
xqd20160237,PAIDOFF,1000,30,2016-09-12,2016-10-11,2016-10-07 16:45:00,0.0,30,College,Male
xqd20160238,PAIDOFF,800,15,2016-09-12,2016-09-26,2016-09-24 12:13:00,0.0,36,High School Or Below,Male
xqd20160239,PAIDOFF,1000,15,2016-09-12,2016-10-11,2016-10-11 09:01:00,0.0,29,College,Male
xqd20160240,PAIDOFF,1000,15,2016-09-12,2016-09-26,2016-09-14 23:02:00,0.0,36,High School Or Below,Male
xqd20160241,PAIDOFF,1000,30,2016-09-12,2016-10-11,2016-10-08 11:03:00,0.0,32,High School Or Below,Male
xqd20160242,PAIDOFF,1000,15,2016-09-12,2016-09-26,2016-09-26 09:00:00,0.0,29,High School Or Below,Female
xqd20160243,PAIDOFF,800,15,2016-09-12,2016-09-26,2016-09-26 23:00:00,0.0,36,Bechalor,Male
xqd20160244,PAIDOFF,800,15,2016-09-12,2016-09-26,2016-09-25 19:31:00,0.0,30,High School Or Below,Female
xqd20160245,PAIDOFF,1000,7,2016-09-13,2016-09-19,2016-09-14 19:48:00,0.0,31,College,Male
xqd20160246,PAIDOFF,1000,30,2016-09-13,2016-10-12,2016-10-12 23:00:00,0.0,19,High School Or Below,Female
xqd20160247,PAIDOFF,800,15,2016-09-13,2016-09-27,2016-09-25 12:48:00,0.0,26,College,Male
xqd20160248,PAIDOFF,800,15,2016-09-13,2016-09-27,2016-09-26 21:18:00,0.0,34,High School Or Below,Male
xqd20160249,PAIDOFF,1000,30,2016-09-13,2016-10-12,2016-10-07 10:22:00,0.0,35,High School Or Below,Male
xqd20160250,PAIDOFF,1000,15,2016-09-13,2016-09-27,2016-09-26 06:17:00,0.0,35,Bechalor,Female
xqd20160251,PAIDOFF,800,15,2016-09-13,2016-09-27,2016-09-22 16:57:00,0.0,38,College,Male
xqd20160252,PAIDOFF,1000,30,2016-09-13,2016-10-12,2016-10-09 21:57:00,0.0,29,College,Male
xqd20160253,PAIDOFF,1000,30,2016-09-13,2016-10-12,2016-10-04 12:59:00,0.0,28,High School Or Below,Male
xqd20160254,PAIDOFF,500,7,2016-09-13,2016-09-19,2016-09-17 20:51:00,0.0,22,High School Or Below,Male
xqd20160255,PAIDOFF,1000,30,2016-09-13,2016-10-12,2016-10-12 23:00:00,0.0,32,College,Male
xqd20160256,PAIDOFF,1000,30,2016-09-13,2016-10-12,2016-10-08 15:51:00,0.0,31,College,Male
xqd20160257,PAIDOFF,800,15,2016-09-13,2016-09-27,2016-09-27 09:00:00,0.0,28,College,Male
xqd20160258,PAIDOFF,1000,15,2016-09-13,2016-09-27,2016-09-27 09:00:00,0.0,37,College,Female
xqd20160259,PAIDOFF,1000,7,2016-09-13,2016-09-19,2016-09-16 15:57:00,0.0,25,College,Male
xqd20160260,PAIDOFF,1000,30,2016-09-13,2016-10-12,2016-10-12 09:00:00,0.0,19,High School Or Below,Male
xqd20160261,PAIDOFF,800,15,2016-09-13,2016-09-27,2016-09-26 07:48:00,0.0,51,College,Male
xqd20160262,PAIDOFF,1000,15,2016-09-13,2016-09-27,2016-09-21 16:53:00,0.0,29,High School Or Below,Male
xqd20160263,PAIDOFF,800,30,2016-09-13,2016-10-12,2016-10-11 00:29:00,0.0,23,College,Female
xqd20160264,PAIDOFF,1000,15,2016-09-13,2016-09-27,2016-09-25 10:37:00,0.0,30,High School Or Below,Male
xqd20160265,PAIDOFF,800,15,2016-09-13,2016-09-27,2016-09-27 13:00:00,0.0,23,College,Male
xqd20160266,PAIDOFF,1000,15,2016-09-13,2016-09-27,2016-09-26 15:10:00,0.0,34,Bechalor,Female
xqd20160267,PAIDOFF,800,15,2016-09-13,2016-09-27,2016-09-24 12:46:00,0.0,31,Bechalor,Female
xqd20160268,PAIDOFF,1000,15,2016-09-14,2016-09-28,2016-09-28 09:00:00,0.0,24,High School Or Below,Male
xqd20160269,PAIDOFF,1000,30,2016-09-14,2016-10-13,2016-10-13 09:00:00,0.0,42,High School Or Below,Male
xqd20160270,PAIDOFF,800,30,2016-09-14,2016-10-13,2016-10-06 12:09:00,0.0,40,College,Female
xqd20160271,PAIDOFF,1000,30,2016-09-14,2016-10-13,2016-10-14 11:03:00,0.0,29,High School Or Below,Male
xqd20160272,PAIDOFF,1000,30,2016-09-14,2016-10-13,2016-10-08 17:12:00,0.0,32,College,Female
xqd20160273,PAIDOFF,1000,30,2016-09-14,2016-11-12,2016-11-12 09:00:00,0.0,28,College,Male
xqd20160274,PAIDOFF,1000,30,2016-09-14,2016-10-13,2016-10-13 09:00:00,0.0,35,High School Or Below,Male
xqd20160275,PAIDOFF,1000,30,2016-09-14,2016-10-13,2016-10-13 13:00:00,0.0,30,Bechalor,Male
xqd20160276,PAIDOFF,800,15,2016-09-14,2016-09-28,2016-09-27 15:52:00,0.0,44,College,Male
xqd20160277,PAIDOFF,800,15,2016-09-14,2016-09-28,2016-09-28 13:00:00,0.0,37,High School Or Below,Male
xqd20160278,PAIDOFF,1000,30,2016-09-14,2016-10-13,2016-10-13 09:00:00,0.0,31,College,Male
xqd20160279,PAIDOFF,800,15,2016-09-14,2016-09-28,2016-09-15 00:43:00,0.0,36,College,Male
xqd20160280,PAIDOFF,800,30,2016-09-14,2016-10-13,2016-10-10 10:25:00,0.0,31,College,Male
xqd20160281,PAIDOFF,800,15,2016-09-14,2016-09-28,2016-09-27 20:41:00,0.0,42,High School Or Below,Male
xqd20160282,PAIDOFF,1000,15,2016-09-14,2016-09-28,2016-09-28 09:00:00,0.0,28,Bechalor,Male
xqd20160283,PAIDOFF,1000,30,2016-09-14,2016-10-13,2016-10-06 06:51:00,0.0,30,College,Male
xqd20160284,PAIDOFF,1000,30,2016-09-14,2016-10-13,2016-10-12 06:25:00,0.0,30,High School Or Below,Male
xqd20160285,PAIDOFF,1000,15,2016-09-14,2016-09-28,2016-09-27 22:50:00,0.0,24,Bechalor,Male
xqd20160286,PAIDOFF,1000,30,2016-09-14,2016-11-12,2016-11-12 09:00:00,0.0,34,Bechalor,Male
xqd20160287,PAIDOFF,1000,30,2016-09-14,2016-10-13,2016-10-12 12:30:00,0.0,29,College,Male
xqd20160288,PAIDOFF,1000,30,2016-09-14,2016-10-13,2016-10-12 03:49:00,0.0,38,High School Or Below,Female
xqd20160289,PAIDOFF,1000,30,2016-09-14,2016-10-13,2016-10-13 13:00:00,0.0,34,Bechalor,Male
xqd20160290,PAIDOFF,800,15,2016-09-14,2016-09-28,2016-09-27 07:48:00,0.0,28,High School Or Below,Male
xqd20160291,PAIDOFF,1000,15,2016-09-14,2016-09-28,2016-09-22 09:28:00,0.0,30,College,Female
xqd20160292,PAIDOFF,1000,30,2016-09-14,2016-10-13,2016-10-11 16:33:00,0.0,41,High School Or Below,Male
xqd20160293,PAIDOFF,1000,30,2016-09-14,2016-10-13,2016-09-18 16:56:00,0.0,29,College,Male
xqd20160294,PAIDOFF,1000,30,2016-09-14,2016-10-13,2016-10-13 09:00:00,0.0,37,High School Or Below,Male
xqd20160295,PAIDOFF,1000,30,2016-09-14,2016-10-13,2016-10-13 13:00:00,0.0,36,Bechalor,Male
xqd20160296,PAIDOFF,1000,30,2016-09-14,2016-10-13,2016-10-13 13:00:00,0.0,30,College,Female
xqd20160297,PAIDOFF,800,15,2016-09-14,2016-09-28,2016-09-21 04:42:00,0.0,27,College,Male
xqd20160298,PAIDOFF,1000,30,2016-09-14,2016-10-13,2016-10-13 09:00:00,0.0,29,High School Or Below,Male
xqd20160299,PAIDOFF,1000,30,2016-09-14,2016-10-13,2016-10-13 09:00:00,0.0,40,High School Or Below,Male
xqd20160300,PAIDOFF,1000,30,2016-09-14,2016-10-13,2016-10-13 11:00:00,0.0,28,College,Male
xqd20160301,COLLECTION,1000,15,2016-09-09,2016-09-23,,76.0,29,College,Male
xqd20160302,COLLECTION,1000,30,2016-09-09,2016-10-08,,61.0,37,High School Or Below,Male
xqd20160303,COLLECTION,1000,30,2016-09-09,2016-10-08,,61.0,33,High School Or Below,Male
xqd20160304,COLLECTION,800,15,2016-09-09,2016-09-23,,76.0,27,College,Male
xqd20160305,COLLECTION,800,15,2016-09-09,2016-09-23,,76.0,24,Bechalor,Male
xqd20160306,COLLECTION,1000,15,2016-09-10,2016-09-24,,75.0,31,High School Or Below,Female
xqd20160307,COLLECTION,800,15,2016-09-10,2016-10-09,,60.0,28,College,Male
xqd20160308,COLLECTION,1000,30,2016-09-10,2016-10-09,,60.0,40,High School Or Below,Male
xqd20160309,COLLECTION,1000,30,2016-09-10,2016-10-09,,60.0,33,College,Male
xqd20160310,COLLECTION,800,15,2016-09-10,2016-09-24,,75.0,41,College,Male
xqd20160311,COLLECTION,1000,30,2016-09-10,2016-10-09,,60.0,30,College,Male
xqd20160312,COLLECTION,800,15,2016-09-10,2016-09-24,,75.0,26,High School Or Below,Female
xqd20160313,COLLECTION,1000,30,2016-09-10,2016-10-09,,60.0,27,High School Or Below,Male
xqd20160314,COLLECTION,1000,30,2016-09-10,2016-10-09,,60.0,20,High School Or Below,Male
xqd20160315,COLLECTION,1000,30,2016-09-10,2016-10-09,,60.0,24,College,Male
xqd20160316,COLLECTION,1000,15,2016-09-10,2016-10-09,,60.0,26,High School Or Below,Male
xqd20160317,COLLECTION,1000,30,2016-09-10,2016-10-09,,60.0,30,High School Or Below,Male
xqd20160318,COLLECTION,1000,15,2016-09-10,2016-09-24,,75.0,29,High School Or Below,Male
xqd20160319,COLLECTION,1000,30,2016-09-10,2016-10-09,,60.0,22,Bechalor,Male
xqd20160320,COLLECTION,1000,15,2016-09-10,2016-09-24,,75.0,24,Bechalor,Male
xqd20160321,COLLECTION,1000,30,2016-09-10,2016-10-09,,60.0,25,College,Male
xqd20160322,COLLECTION,1000,30,2016-09-10,2016-10-09,,60.0,28,High School Or Below,Male
xqd20160323,COLLECTION,1000,30,2016-09-10,2016-10-09,,60.0,37,College,Male
xqd20160324,COLLECTION,800,15,2016-09-10,2016-09-24,,75.0,32,College,Male
xqd20160325,COLLECTION,1000,15,2016-09-10,2016-09-24,,75.0,34,College,Male
xqd20160326,COLLECTION,1000,30,2016-09-11,2016-10-10,,59.0,28,Bechalor,Male
xqd20160327,COLLECTION,800,15,2016-09-11,2016-09-25,,74.0,35,Bechalor,Male
xqd20160328,COLLECTION,1000,30,2016-09-11,2016-11-09,,29.0,27,College,Male
xqd20160329,COLLECTION,1000,30,2016-09-11,2016-10-10,,59.0,24,High School Or Below,Female
xqd20160330,COLLECTION,1000,30,2016-09-11,2016-10-10,,59.0,44,Bechalor,Male
xqd20160331,COLLECTION,1000,15,2016-09-11,2016-10-25,,44.0,31,College,Male
xqd20160332,COLLECTION,800,15,2016-09-11,2016-09-25,,74.0,27,College,Male
xqd20160333,COLLECTION,1000,30,2016-09-11,2016-10-10,,59.0,21,High School Or Below,Male
xqd20160334,COLLECTION,1000,30,2016-09-11,2016-10-10,,59.0,30,High School Or Below,Female
xqd20160335,COLLECTION,1000,30,2016-09-11,2016-10-10,,59.0,38,College,Female
xqd20160336,COLLECTION,1000,30,2016-09-11,2016-10-10,,59.0,34,High School Or Below,Male
xqd20160337,COLLECTION,1000,30,2016-09-11,2016-10-10,,59.0,31,College,Male
xqd20160338,COLLECTION,1000,30,2016-09-11,2016-10-10,,59.0,23,High School Or Below,Male
xqd20160339,COLLECTION,1000,15,2016-09-11,2016-09-25,,74.0,27,College,Female
xqd20160340,COLLECTION,1000,15,2016-09-11,2016-09-25,,74.0,39,High School Or Below,Male
xqd20160341,COLLECTION,1000,30,2016-09-11,2016-10-10,,59.0,30,High School Or Below,Female
xqd20160342,COLLECTION,1000,30,2016-09-11,2016-10-10,,59.0,25,College,Male
xqd20160343,COLLECTION,1000,15,2016-09-11,2016-09-25,,74.0,50,Master Or Above,Male
xqd20160344,COLLECTION,1000,30,2016-09-11,2016-10-10,,59.0,23,High School Or Below,Male
xqd20160345,COLLECTION,800,15,2016-09-11,2016-09-25,,74.0,38,Bechalor,Male
xqd20160346,COLLECTION,1000,30,2016-09-11,2016-10-10,,59.0,27,High School Or Below,Male
xqd20160347,COLLECTION,1000,30,2016-09-11,2016-11-09,,29.0,31,High School Or Below,Male
xqd20160348,COLLECTION,800,15,2016-09-11,2016-09-25,,74.0,40,College,Male
xqd20160349,COLLECTION,1000,30,2016-09-11,2016-10-10,,59.0,32,High School Or Below,Male
xqd20160350,COLLECTION,800,15,2016-09-11,2016-09-25,,74.0,29,College,Male
xqd20160351,COLLECTION,1000,30,2016-09-11,2016-10-10,,59.0,26,High School Or Below,Male
xqd20160352,COLLECTION,1000,15,2016-09-11,2016-09-25,,74.0,25,College,Male
xqd20160353,COLLECTION,1000,30,2016-09-11,2016-10-10,,59.0,35,High School Or Below,Male
xqd20160354,COLLECTION,1000,30,2016-09-11,2016-10-10,,59.0,41,High School Or Below,Male
xqd20160355,COLLECTION,1000,30,2016-09-11,2016-10-10,,59.0,37,High School Or Below,Male
xqd20160356,COLLECTION,1000,15,2016-09-11,2016-10-10,,59.0,34,College,Male
xqd20160357,COLLECTION,1000,30,2016-09-11,2016-10-10,,59.0,45,High School Or Below,Male
xqd20160358,COLLECTION,1000,30,2016-09-11,2016-10-10,,59.0,26,Bechalor,Male
xqd20160359,COLLECTION,1000,30,2016-09-11,2016-10-10,,59.0,32,College,Male
xqd20160360,COLLECTION,1000,30,2016-09-11,2016-10-10,,59.0,28,High School Or Below,Male
xqd20160361,COLLECTION,1000,30,2016-09-11,2016-10-10,,59.0,34,College,Male
xqd20160362,COLLECTION,800,15,2016-09-11,2016-09-25,,74.0,29,High School Or Below,Male
xqd20160363,COLLECTION,1000,30,2016-09-11,2016-10-10,,59.0,26,High School Or Below,Male
xqd20160364,COLLECTION,1000,15,2016-09-11,2016-09-25,,74.0,26,College,Male
xqd20160365,COLLECTION,800,15,2016-09-11,2016-09-25,,74.0,22,College,Male
xqd20160366,COLLECTION,1000,30,2016-09-11,2016-10-10,,59.0,27,High School Or Below,Female
xqd20160367,COLLECTION,800,30,2016-09-11,2016-10-10,,59.0,33,High School Or Below,Male
xqd20160368,COLLECTION,800,15,2016-09-11,2016-09-25,,74.0,28,Bechalor,Male
xqd20160369,COLLECTION,1000,30,2016-09-11,2016-10-10,,59.0,24,College,Male
xqd20160370,COLLECTION,1000,30,2016-09-11,2016-10-10,,59.0,37,High School Or Below,Male
xqd20160371,COLLECTION,800,15,2016-09-11,2016-09-25,,74.0,36,High School Or Below,Male
xqd20160372,COLLECTION,1000,30,2016-09-11,2016-10-10,,59.0,18,College,Male
xqd20160373,COLLECTION,800,15,2016-09-11,2016-09-25,,74.0,25,High School Or Below,Male
xqd20160374,COLLECTION,1000,15,2016-09-11,2016-09-25,,74.0,40,High School Or Below,Male
xqd20182575,COLLECTION,1000,30,2016-09-11,2016-10-10,,59.0,29,College,Male
xqd20160376,COLLECTION,800,15,2016-09-11,2016-09-25,,74.0,26,High School Or Below,Female
xqd20151038,COLLECTION,1000,15,2016-09-11,2016-09-25,,74.0,30,College,Male
xqd20160378,COLLECTION,1000,30,2016-09-11,2016-10-10,,59.0,33,College,Male
xqd20197340,COLLECTION,1000,30,2016-09-11,2016-10-10,,59.0,30,College,Male
xqd20160380,COLLECTION,1000,30,2016-09-11,2016-10-10,,59.0,32,College,Male
xqd20160381,COLLECTION,1000,30,2016-09-11,2016-10-10,,59.0,25,High School Or Below,Male
xqd20160382,COLLECTION,800,15,2016-09-11,2016-09-25,,74.0,35,High School Or Below,Male
xqd20175721,COLLECTION,1000,15,2016-09-11,2016-09-25,,74.0,30,Bechalor,Male
xqd20160384,COLLECTION,1000,30,2016-09-11,2016-10-10,,59.0,26,High School Or Below,Male
xqd20160385,COLLECTION,1000,30,2016-09-11,2016-10-10,,59.0,29,High School Or Below,Male
xqd20160386,COLLECTION,1000,30,2016-09-11,2016-11-09,,29.0,26,High School Or Below,Male
xqd20160387,COLLECTION,800,15,2016-09-11,2016-09-25,,74.0,46,High School Or Below,Male
xqd20160388,COLLECTION,1000,30,2016-09-11,2016-10-10,,59.0,36,High School Or Below,Male
xqd20160389,COLLECTION,1000,15,2016-09-11,2016-09-25,,74.0,38,Bechalor,Male
xqd20160390,COLLECTION,1000,15,2016-09-11,2016-10-25,,44.0,32,High School Or Below,Male
xqd20160391,COLLECTION,1000,15,2016-09-11,2016-09-25,,74.0,30,College,Male
xqd20125284,COLLECTION,800,15,2016-09-11,2016-09-25,,74.0,35,High School Or Below,Male
xqd20160393,COLLECTION,1000,30,2016-09-11,2016-10-10,,59.0,29,College,Female
xqd20160394,COLLECTION,1000,30,2016-09-11,2016-11-09,,29.0,26,College,Male
xqd20160395,COLLECTION,800,15,2016-09-11,2016-09-25,,74.0,32,High School Or Below,Male
xqd20160396,COLLECTION,1000,30,2016-09-11,2016-10-10,,59.0,25,High School Or Below,Male
xqd20160397,COLLECTION,1000,30,2016-09-12,2016-10-11,,58.0,33,High School Or Below,Male
xqd20160398,COLLECTION,800,15,2016-09-12,2016-09-26,,73.0,39,College,Male
xqd20160399,COLLECTION,1000,30,2016-09-12,2016-11-10,,28.0,28,College,Male
xqd20160400,COLLECTION,1000,30,2016-09-12,2016-10-11,,58.0,26,College,Male
xqd20160401,COLLECTION_PAIDOFF,1000,30,2016-09-09,2016-10-08,2016-10-10 11:45:00,2.0,26,College,Male
xqd20160402,COLLECTION_PAIDOFF,1000,15,2016-09-09,2016-09-23,2016-09-27 17:00:00,4.0,28,College,Male
xqd20320403,COLLECTION_PAIDOFF,1000,30,2016-09-09,2016-11-07,2016-11-20 14:10:00,13.0,39,College,Male
xqd20160404,COLLECTION_PAIDOFF,1000,15,2016-09-09,2016-09-23,2016-09-28 15:38:00,5.0,29,Bechalor,Male
xqd20190405,COLLECTION_PAIDOFF,800,15,2016-09-09,2016-09-23,2016-09-26 17:22:00,3.0,33,High School Or Below,Male
xqd20160406,COLLECTION_PAIDOFF,1000,30,2016-09-10,2016-10-09,2016-10-21 14:00:00,12.0,27,College,Male
xqd20160407,COLLECTION_PAIDOFF,800,15,2016-09-10,2016-09-24,2016-09-26 11:03:00,2.0,34,College,Male
xqd20160408,COLLECTION_PAIDOFF,1000,30,2016-09-10,2016-10-09,2016-11-05 15:39:00,27.0,26,High School Or Below,Male
xqd20110409,COLLECTION_PAIDOFF,1000,30,2016-09-10,2016-10-09,2016-11-22 15:53:00,44.0,28,High School Or Below,Male
xqd20160410,COLLECTION_PAIDOFF,1000,15,2016-09-10,2016-09-24,2016-09-29 10:30:00,5.0,32,Bechalor,Male
xqd20160411,COLLECTION_PAIDOFF,800,15,2016-09-10,2016-10-09,2016-10-10 15:18:00,1.0,27,College,Female
xqd20160412,COLLECTION_PAIDOFF,1000,30,2016-09-10,2016-10-09,2016-11-05 10:49:00,27.0,21,College,Male
xqd20160413,COLLECTION_PAIDOFF,800,15,2016-09-11,2016-09-25,2016-09-27 17:10:00,2.0,39,College,Male
xqd20169083,COLLECTION_PAIDOFF,1000,15,2016-09-11,2016-09-25,2016-09-26 11:35:00,1.0,38,College,Male
xqd20160415,COLLECTION_PAIDOFF,1000,30,2016-09-11,2016-10-10,2016-10-12 09:59:00,2.0,36,High School Or Below,Female
xqd20160416,COLLECTION_PAIDOFF,800,15,2016-09-11,2016-09-25,2016-09-27 17:14:00,2.0,33,College,Male
xqd20160417,COLLECTION_PAIDOFF,1000,30,2016-09-11,2016-10-10,2016-10-11 12:45:00,1.0,21,College,Female
xqd20160418,COLLECTION_PAIDOFF,800,15,2016-09-11,2016-09-25,2016-09-28 11:38:00,3.0,25,High School Or Below,Male
xqd20160419,COLLECTION_PAIDOFF,800,15,2016-09-11,2016-09-25,2016-10-07 13:21:00,12.0,29,College,Male
xqd20160420,COLLECTION_PAIDOFF,1000,30,2016-09-11,2016-10-10,2016-11-04 15:37:00,25.0,33,High School Or Below,Male
xqd20160421,COLLECTION_PAIDOFF,1000,15,2016-09-11,2016-09-25,2016-09-28 17:39:00,3.0,47,High School Or Below,Female
xqd20160422,COLLECTION_PAIDOFF,1000,30,2016-09-11,2016-10-10,2016-10-12 09:52:00,2.0,33,College,Male
xqd20160423,COLLECTION_PAIDOFF,800,15,2016-09-11,2016-09-25,2016-09-29 15:12:00,4.0,23,High School Or Below,Male
xqd20160424,COLLECTION_PAIDOFF,1000,15,2016-09-11,2016-10-10,2016-10-12 11:17:00,2.0,24,College,Male
xqd20880425,COLLECTION_PAIDOFF,1000,30,2016-09-11,2016-11-09,2016-11-10 22:58:00,1.0,27,High School Or Below,Male
xqd20160426,COLLECTION_PAIDOFF,1000,30,2016-09-11,2016-10-10,2016-11-03 15:23:00,24.0,32,Bechalor,Male
xqd20160427,COLLECTION_PAIDOFF,1000,30,2016-09-11,2016-10-10,2016-10-11 16:44:00,1.0,33,College,Male
xqd20160428,COLLECTION_PAIDOFF,1000,30,2016-09-11,2016-10-10,2016-10-11 11:02:00,2.0,27,College,Female
xqd20160429,COLLECTION_PAIDOFF,1000,30,2016-09-11,2016-10-10,2016-10-12 13:17:00,2.0,35,High School Or Below,Male
xqd20160430,COLLECTION_PAIDOFF,500,15,2016-09-11,2016-10-10,2016-10-11 17:22:00,1.0,37,Bechalor,Male
xqd20160431,COLLECTION_PAIDOFF,800,15,2016-09-11,2016-09-25,2016-09-28 14:02:00,3.0,28,Bechalor,Male
xqd20160432,COLLECTION_PAIDOFF,1000,15,2016-09-11,2016-09-25,2016-09-29 13:42:00,4.0,33,College,Male
xqd20160433,COLLECTION_PAIDOFF,800,7,2016-09-11,2016-09-17,2016-09-19 15:00:00,2.0,34,Bechalor,Female
xqd20160434,COLLECTION_PAIDOFF,1000,30,2016-09-11,2016-10-10,2016-10-12 14:32:00,2.0,29,College,Male
xqd20160435,COLLECTION_PAIDOFF,1000,30,2016-09-11,2016-10-10,2016-10-11 11:33:00,1.0,34,Bechalor,Male
xqd20160436,COLLECTION_PAIDOFF,1000,30,2016-09-11,2016-10-10,2016-10-11 16:27:00,1.0,29,Bechalor,Male
xqd20790437,COLLECTION_PAIDOFF,1000,30,2016-09-11,2016-10-10,2016-11-15 15:27:00,36.0,24,High School Or Below,Male
xqd20160438,COLLECTION_PAIDOFF,1000,30,2016-09-11,2016-10-10,2016-10-11 16:13:00,1.0,34,High School Or Below,Male
xqd20160439,COLLECTION_PAIDOFF,1000,30,2016-09-11,2016-10-10,2016-10-17 10:06:00,7.0,25,College,Female
xqd20160440,COLLECTION_PAIDOFF,1000,30,2016-09-11,2016-11-09,2016-11-14 13:15:00,5.0,24,College,Male
xqd20160441,COLLECTION_PAIDOFF,1000,30,2016-09-11,2016-10-10,2016-10-24 16:20:00,14.0,30,College,Male
xqd20160442,COLLECTION_PAIDOFF,1000,15,2016-09-11,2016-09-25,2016-09-27 16:35:00,2.0,28,College,Male
xqd20160443,COLLECTION_PAIDOFF,1000,30,2016-09-11,2016-10-10,2016-10-11 11:48:00,1.0,24,High School Or Below,Male
xqd20160444,COLLECTION_PAIDOFF,1000,30,2016-09-11,2016-10-10,2016-11-07 19:21:00,28.0,26,College,Female
xqd20160445,COLLECTION_PAIDOFF,1000,30,2016-09-11,2016-10-10,2016-10-12 16:22:00,2.0,24,High School Or Below,Male
xqd20160446,COLLECTION_PAIDOFF,1000,15,2016-09-11,2016-09-25,2016-09-27 17:24:00,2.0,29,College,Male
xqd20420447,COLLECTION_PAIDOFF,1000,30,2016-09-11,2016-10-10,2016-11-04 11:07:00,25.0,31,College,Male
xqd20160448,COLLECTION_PAIDOFF,1000,30,2016-09-11,2016-10-10,2016-11-02 09:39:00,23.0,26,College,Male
xqd20160449,COLLECTION_PAIDOFF,1000,30,2016-09-11,2016-10-10,2016-10-13 18:18:00,3.0,25,High School Or Below,Male
xqd20160450,COLLECTION_PAIDOFF,1000,30,2016-09-11,2016-10-10,2016-10-11 11:29:00,1.0,29,College,Male
xqd20160451,COLLECTION_PAIDOFF,1000,30,2016-09-11,2016-10-10,2016-10-13 16:27:00,3.0,38,College,Male
xqd20160452,COLLECTION_PAIDOFF,800,15,2016-09-11,2016-09-25,2016-09-29 11:19:00,4.0,41,College,Male
xqd20390453,COLLECTION_PAIDOFF,1000,15,2016-09-11,2016-09-25,2016-09-28 11:17:00,3.0,26,High School Or Below,Male
xqd20160454,COLLECTION_PAIDOFF,1000,30,2016-09-12,2016-10-11,2016-10-14 11:04:00,3.0,26,High School Or Below,Male
xqd20160455,COLLECTION_PAIDOFF,1000,30,2016-09-12,2016-10-11,2016-10-17 17:40:00,6.0,35,High School Or Below,Male
xqd20160456,COLLECTION_PAIDOFF,1000,15,2016-09-12,2016-09-26,2016-09-28 09:42:00,2.0,37,College,Male
xqd20160457,COLLECTION_PAIDOFF,1000,30,2016-09-12,2016-10-11,2016-11-18 15:52:00,38.0,25,College,Male
xqd20160458,COLLECTION_PAIDOFF,1000,30,2016-09-12,2016-10-11,2016-10-30 14:19:00,19.0,24,College,Male
xqd20160459,COLLECTION_PAIDOFF,1000,30,2016-09-12,2016-10-11,2016-10-13 15:10:00,2.0,34,College,Male
xqd20160460,COLLECTION_PAIDOFF,800,15,2016-09-12,2016-09-26,2016-09-28 13:36:00,2.0,33,College,Male
xqd20490461,COLLECTION_PAIDOFF,800,15,2016-09-12,2016-09-26,2016-09-28 15:34:00,2.0,38,Bechalor,Male
xqd20160462,COLLECTION_PAIDOFF,1000,30,2016-09-12,2016-11-10,2016-11-17 11:55:00,7.0,38,High School Or Below,Male
xqd20160463,COLLECTION_PAIDOFF,1000,30,2016-09-12,2016-11-10,2016-11-15 18:51:00,5.0,26,College,Male
xqd20870464,COLLECTION_PAIDOFF,1000,15,2016-09-12,2016-09-26,2016-09-30 10:23:00,4.0,37,Bechalor,Male
xqd20160465,COLLECTION_PAIDOFF,1000,30,2016-09-12,2016-11-10,2016-11-11 17:17:00,1.0,42,High School Or Below,Female
xqd20169466,COLLECTION_PAIDOFF,1000,30,2016-09-12,2016-10-11,2016-10-12 12:54:00,1.0,49,High School Or Below,Female
xqd20160467,COLLECTION_PAIDOFF,1000,30,2016-09-12,2016-10-11,2016-10-15 09:48:00,4.0,26,High School Or Below,Male
xqd20160468,COLLECTION_PAIDOFF,1000,15,2016-09-12,2016-10-26,2016-10-27 11:14:00,1.0,41,High School Or Below,Male
xqd20160469,COLLECTION_PAIDOFF,1000,30,2016-09-12,2016-10-11,2016-10-15 14:14:00,4.0,38,High School Or Below,Male
xqd25660470,COLLECTION_PAIDOFF,1000,30,2016-09-12,2016-10-11,2016-12-02 09:45:00,52.0,26,High School Or Below,Male
xqd20160471,COLLECTION_PAIDOFF,1000,15,2016-09-12,2016-09-26,2016-09-28 15:02:00,2.0,32,High School Or Below,Male
xqd20160472,COLLECTION_PAIDOFF,1000,30,2016-09-12,2016-10-11,2016-11-04 14:46:00,24.0,27,Bechalor,Male
xqd20160473,COLLECTION_PAIDOFF,800,15,2016-09-12,2016-09-26,2016-11-16 12:12:00,51.0,33,College,Male
xqd20160474,COLLECTION_PAIDOFF,1000,30,2016-09-12,2016-10-11,2016-10-14 19:02:00,3.0,30,High School Or Below,Male
xqd20160475,COLLECTION_PAIDOFF,800,15,2016-09-12,2016-09-26,2016-09-28 11:34:00,2.0,26,High School Or Below,Female
xqd20160476,COLLECTION_PAIDOFF,1000,30,2016-09-12,2016-10-11,2016-11-09 18:12:00,29.0,35,College,Female
xqd20160477,COLLECTION_PAIDOFF,800,15,2016-09-12,2016-10-26,2016-10-31 13:07:00,5.0,46,College,Female
xqd20160478,COLLECTION_PAIDOFF,1000,30,2016-09-12,2016-10-11,2016-10-20 17:38:00,9.0,27,College,Male
xqd20160479,COLLECTION_PAIDOFF,1000,15,2016-09-12,2016-10-11,2016-11-07 08:55:00,27.0,22,High School Or Below,Male
xqd20160480,COLLECTION_PAIDOFF,1000,30,2016-09-12,2016-10-11,2016-10-12 18:26:00,1.0,27,Bechalor,Male
xqd20160481,COLLECTION_PAIDOFF,1000,15,2016-09-12,2016-09-26,2016-10-25 13:44:00,29.0,30,Bechalor,Male
xqd20160482,COLLECTION_PAIDOFF,1000,15,2016-09-12,2016-09-26,2016-09-29 15:07:00,3.0,27,High School Or Below,Male
xqd20160483,COLLECTION_PAIDOFF,800,15,2016-09-12,2016-09-26,2016-09-27 11:40:00,1.0,47,College,Male
xqd20160484,COLLECTION_PAIDOFF,1000,30,2016-09-12,2016-10-11,2016-10-18 19:08:00,7.0,30,College,Male
xqd20160485,COLLECTION_PAIDOFF,1000,30,2016-09-12,2016-10-11,2016-10-15 09:23:00,4.0,26,College,Male
xqd20160486,COLLECTION_PAIDOFF,1000,30,2016-09-12,2016-10-11,2016-10-14 10:07:00,3.0,38,High School Or Below,Male
xqd20160487,COLLECTION_PAIDOFF,800,15,2016-09-12,2016-09-26,2016-11-21 11:36:00,56.0,46,High School Or Below,Male
xqd20160488,COLLECTION_PAIDOFF,1000,30,2016-09-12,2016-10-11,2016-10-13 12:02:00,2.0,35,Bechalor,Male
xqd20160489,COLLECTION_PAIDOFF,1000,15,2016-09-12,2016-09-26,2016-10-09 19:30:00,13.0,45,College,Male
xqd20160490,COLLECTION_PAIDOFF,1000,30,2016-09-12,2016-10-11,2016-10-12 18:04:00,1.0,36,College,Male
xqd20160491,COLLECTION_PAIDOFF,1000,30,2016-09-12,2016-10-11,2016-10-17 10:53:00,6.0,38,High School Or Below,Male
xqd20160492,COLLECTION_PAIDOFF,1000,30,2016-09-12,2016-10-11,2016-11-09 13:41:00,29.0,27,College,Male
xqd20160493,COLLECTION_PAIDOFF,1000,30,2016-09-12,2016-10-11,2016-10-25 17:44:00,14.0,27,Bechalor,Male
xqd20160494,COLLECTION_PAIDOFF,1000,15,2016-09-12,2016-09-26,2016-09-29 12:45:00,3.0,29,College,Male
xqd20160495,COLLECTION_PAIDOFF,1000,30,2016-09-12,2016-10-11,2016-10-13 14:45:00,2.0,30,High School Or Below,Male
xqd20160496,COLLECTION_PAIDOFF,1000,30,2016-09-12,2016-10-11,2016-10-14 19:08:00,3.0,28,High School Or Below,Male
xqd20160497,COLLECTION_PAIDOFF,1000,15,2016-09-12,2016-09-26,2016-10-10 20:02:00,14.0,26,High School Or Below,Male
xqd20160498,COLLECTION_PAIDOFF,800,15,2016-09-12,2016-09-26,2016-09-29 11:49:00,3.0,30,College,Male
xqd20160499,COLLECTION_PAIDOFF,1000,30,2016-09-12,2016-11-10,2016-11-11 22:40:00,1.0,38,College,Female
xqd20160500,COLLECTION_PAIDOFF,1000,30,2016-09-12,2016-10-11,2016-10-19 11:58:00,8.0,28,High School Or Below,Male
